{"cameraMode":{"drawMode":0,"name":"Shaded","section":"Shading Mode"},"sceneLighting":true,"audioPlay":false,"sceneViewState":{"showFog":true,"showMaterialUpdate":false,"showSkybox":true,"showFlares":true,"showImageEffects":true,"showParticleSystems":true},"in2DMode":false,"pivot":{"x":591.8973388671875,"y":1083.084716796875,"z":86.56124877929688},"rotation":{"x":0.059931401163339618,"y":0.032934561371803287,"z":-0.0019784520845860245,"w":0.9976577162742615},"size":794.7102661132813,"orthographic":true}